{
    "Name": "LogicAgentHalfAdder",
    "N_inputs": 2,
    "N_outputs": 2,
    "atom_function_vec": [
        "-1.19438230991364*a_1 - 3.19854927062988*tanh(1.19438230991364*a_0) + 3.19854927062988*tanh(3.19854927062988*a_0 + 1.00006496906281*tanh(1.00006496906281*a_1))",
        "1.00006496906281*a_0 + 3.19854927062988*a_1 + 1.00006496906281*tanh(3.19854927062988*a_0 + 1.00006496906281*tanh(1.00006496906281*a_1)) + 3.19854927062988*tanh(-1.19438230991364*tanh(1.00006496906281*a_1) + 3.19854927062988*tanh(3.19854927062988*tanh(1.00006496906281*a_1)))"
    ]
}